{
  "IcoMoonType": "selection",
  "icons": [
    {
      "icon": {
        "paths": [
          "M609 137l46 46-329 329 329 329-46 46-352-352-22-23 22-23z"
        ],
        "isMulticolor": false,
        "isMulticolor2": false,
        "tags": [
          "angle-left"
        ],
        "defaultCode": 61713,
        "grid": 0
      },
      "properties": {
        "id": 14,
        "order": 24,
        "ligatures": "",
        "prevSize": 32,
        "code": 61713,
        "name": "angle-left"
      },
      "setIdx": 0,
      "setId": 2,
      "iconIdx": 13
    },
    {
      "icon": {
        "paths": [
          "M512 96c112 0 214.4 44.4 288 118l-45 45c-60.801-60.801-147-99-243-99-195.199 0-352 156.801-352 352s156.801 352 352 352 352-156.801 352-352c0-28.801-3.6-54.4-10-80l52-51c16 41.6 22 86.199 22 131 0 230.4-185.6 416-416 416s-416-185.6-416-416 185.6-416 416-416zM873 233l46 46-384 384-23 22-23-22-160-160 46-46 137 137z"
        ],
        "isMulticolor": false,
        "isMulticolor2": false,
        "tags": [
          "check-circle"
        ],
        "defaultCode": 61820,
        "grid": 0
      },
      "properties": {
        "id": 36,
        "order": 37,
        "prevSize": 32,
        "code": 61820,
        "name": "check-circle"
      },
      "setIdx": 0,
      "setId": 2,
      "iconIdx": 35
    },
    {
      "icon": {
        "paths": [
          "M480 128h64v642l217-217 46 46-272 272-23 22-23-22-272-272 46-46 217 217v-642z"
        ],
        "isMulticolor": false,
        "isMulticolor2": false,
        "tags": [
          "arrow-down"
        ],
        "defaultCode": 61727,
        "grid": 0
      },
      "properties": {
        "id": 37,
        "order": 26,
        "ligatures": "",
        "prevSize": 32,
        "code": 61727,
        "name": "arrow-down"
      },
      "setIdx": 0,
      "setId": 2,
      "iconIdx": 36
    },
    {
      "icon": {
        "paths": [
          "M346 297l45 46-137 137h642v64h-642l137 137-45 46-215-215 23-23z"
        ],
        "isMulticolor": false,
        "isMulticolor2": false,
        "tags": [
          "long-arrow-left"
        ],
        "defaultCode": 62067,
        "grid": 0
      },
      "properties": {
        "id": 46,
        "order": 28,
        "ligatures": "",
        "prevSize": 32,
        "code": 62067,
        "name": "long-arrow-left"
      },
      "setIdx": 0,
      "setId": 2,
      "iconIdx": 45
    },
    {
      "icon": {
        "paths": [
          "M96 256h832v576h-832v-576zM234 320l278 185 278-185h-556zM160 348v420h704v-420l-334 223-18 11-18-11z"
        ],
        "isMulticolor": false,
        "isMulticolor2": false,
        "tags": [
          "envelope"
        ],
        "defaultCode": 61894,
        "grid": 0
      },
      "properties": {
        "id": 99,
        "order": 38,
        "prevSize": 32,
        "code": 61894,
        "name": "envelope"
      },
      "setIdx": 0,
      "setId": 2,
      "iconIdx": 98
    },
    {
      "icon": {
        "paths": [
          "M512 211l23 22 400 400-46 46-377-377-377 377-46-46 400-400z"
        ],
        "isMulticolor": false,
        "isMulticolor2": false,
        "tags": [
          "angle-up"
        ],
        "defaultCode": 61715,
        "grid": 0
      },
      "properties": {
        "id": 173,
        "order": 34,
        "ligatures": "",
        "prevSize": 32,
        "code": 61715,
        "name": "angle-up"
      },
      "setIdx": 0,
      "setId": 2,
      "iconIdx": 172
    },
    {
      "icon": {
        "paths": [
          "M425 217l46 46-217 217h642v64h-642l217 217-46 46-272-272-22-23 22-23z"
        ],
        "isMulticolor": false,
        "isMulticolor2": false,
        "tags": [
          "arrow-left"
        ],
        "defaultCode": 61728,
        "grid": 0
      },
      "properties": {
        "id": 210,
        "order": 29,
        "ligatures": "",
        "prevSize": 32,
        "code": 61728,
        "name": "arrow-left"
      },
      "setIdx": 0,
      "setId": 2,
      "iconIdx": 209
    },
    {
      "icon": {
        "paths": [
          "M678 297l215 215-215 215-45-46 137-137h-642v-64h642l-137-137z"
        ],
        "isMulticolor": false,
        "isMulticolor2": false,
        "tags": [
          "long-arrow-right"
        ],
        "defaultCode": 62068,
        "grid": 0
      },
      "properties": {
        "id": 289,
        "order": 30,
        "ligatures": "",
        "prevSize": 32,
        "code": 62068,
        "name": "long-arrow-right"
      },
      "setIdx": 0,
      "setId": 2,
      "iconIdx": 288
    },
    {
      "icon": {
        "paths": [
          "M415 137l352 352 22 23-22 23-352 352-46-46 329-329-329-329z"
        ],
        "isMulticolor": false,
        "isMulticolor2": false,
        "tags": [
          "angle-right"
        ],
        "defaultCode": 61714,
        "grid": 0
      },
      "properties": {
        "id": 302,
        "order": 31,
        "ligatures": "",
        "prevSize": 32,
        "code": 61714,
        "name": "angle-right"
      },
      "setIdx": 0,
      "setId": 2,
      "iconIdx": 301
    },
    {
      "icon": {
        "paths": [
          "M599 217l272 272 22 23-22 23-272 272-46-46 217-217h-642v-64h642l-217-217z"
        ],
        "isMulticolor": false,
        "isMulticolor2": false,
        "tags": [
          "arrow-right"
        ],
        "defaultCode": 61729,
        "grid": 0
      },
      "properties": {
        "id": 388,
        "order": 32,
        "ligatures": "",
        "prevSize": 32,
        "code": 61729,
        "name": "arrow-right"
      },
      "setIdx": 0,
      "setId": 2,
      "iconIdx": 387
    },
    {
      "icon": {
        "paths": [
          "M480 128h64v642l137-137 46 45-215 215-215-215 46-45 137 137v-642z"
        ],
        "isMulticolor": false,
        "isMulticolor2": false,
        "tags": [
          "long-arrow-down"
        ],
        "defaultCode": 62066,
        "grid": 0
      },
      "properties": {
        "id": 408,
        "order": 33,
        "ligatures": "",
        "prevSize": 32,
        "code": 62066,
        "name": "long-arrow-down"
      },
      "setIdx": 0,
      "setId": 2,
      "iconIdx": 407
    },
    {
      "icon": {
        "paths": [
          "M905 201l46 46-576 576-23 22-23-22-256-256 46-46 233 233z"
        ],
        "isMulticolor": false,
        "isMulticolor2": false,
        "tags": [
          "check"
        ],
        "defaultCode": 61819,
        "grid": 0
      },
      "properties": {
        "id": 448,
        "order": 36,
        "ligatures": "",
        "prevSize": 32,
        "code": 61819,
        "name": "check"
      },
      "setIdx": 0,
      "setId": 2,
      "iconIdx": 447
    },
    {
      "icon": {
        "paths": [
          "M135 345l377 377 377-377 46 46-400 400-23 22-23-22-400-400z"
        ],
        "isMulticolor": false,
        "isMulticolor2": false,
        "tags": [
          "angle-down"
        ],
        "defaultCode": 61712,
        "grid": 0
      },
      "properties": {
        "id": 587,
        "order": 23,
        "ligatures": "",
        "prevSize": 32,
        "code": 61712,
        "name": "angle-down"
      },
      "setIdx": 0,
      "setId": 2,
      "iconIdx": 586
    },
    {
      "icon": {
        "paths": [
          "M512 131l215 215-46 45-137-137v642h-64v-642l-137 137-46-45 192-192z"
        ],
        "isMulticolor": false,
        "isMulticolor2": false,
        "tags": [
          "long-arrow-up"
        ],
        "defaultCode": 62069,
        "grid": 0
      },
      "properties": {
        "id": 597,
        "order": 35,
        "ligatures": "",
        "prevSize": 32,
        "code": 62069,
        "name": "long-arrow-up"
      },
      "setIdx": 0,
      "setId": 2,
      "iconIdx": 596
    },
    {
      "icon": {
        "paths": [
          "M512 131l23 22 272 272-46 46-217-217v642h-64v-642l-217 217-46-46 272-272z"
        ],
        "isMulticolor": false,
        "isMulticolor2": false,
        "tags": [
          "arrow-up"
        ],
        "defaultCode": 61730,
        "grid": 0
      },
      "properties": {
        "id": 607,
        "order": 22,
        "ligatures": "",
        "prevSize": 32,
        "code": 61730,
        "name": "arrow-up"
      },
      "setIdx": 0,
      "setId": 2,
      "iconIdx": 606
    },
    {
      "icon": {
        "paths": [
          "M632.197 211.521c-2.554-8.375-10.19-14.372-19.234-14.423l-0.006-0h-108.169c-0.405-0.032-0.878-0.050-1.354-0.050-8.749 0-16.063 6.143-17.863 14.352l-0.022 0.121-144.225 413.436c-4.787 12.485-7.56 26.928-7.56 42.018 0 12.453 1.888 24.465 5.394 35.765l-0.228-0.854 50.479 168.253h-4.817c-0.026-0-0.056-0-0.087-0-11.9 0-21.547 9.647-21.547 21.547 0 0.030 0 0.061 0 0.091l-0-0.005v110.563c-0 0.026-0 0.056-0 0.087 0 11.9 9.647 21.547 21.547 21.547 0.030 0 0.061-0 0.091-0l-0.005 0h348.564c0.026 0 0.056 0 0.087 0 11.9 0 21.547-9.647 21.547-21.547 0-0.030-0-0.061-0-0.091l0 0.005v-110.563c0-0.026 0-0.056 0-0.087 0-11.9-9.647-21.547-21.547-21.547-0.030 0-0.061 0-0.091 0l0.005-0h-4.817l50.479-168.253c3.297-10.45 5.196-22.468 5.196-34.929 0-15.087-2.784-29.523-7.867-42.823l0.276 0.823zM711.521 911.014v67.296h-305.21v-67.296zM432.676 865.352l-52.873-175.465c-2.288-7.558-3.606-16.245-3.606-25.239s1.317-17.681 3.77-25.878l-0.164 0.638 139.408-399.043h16.903v283.634c-31.633 9.561-54.425 38.062-55.294 72.014l-0.002 0.099c0.836 41.842 34.952 75.44 76.915 75.44s76.079-33.599 76.914-75.362l0.001-0.078c-0.118-34.309-23.256-63.181-54.768-71.987l-0.528-0.126v-283.634h16.817l139.408 399.014c2.854 7.502 4.507 16.178 4.507 25.239s-1.653 17.737-4.674 25.742l0.166-0.502-50.479 175.465zM557.662 562.479c18.591 0 33.662 15.071 33.662 33.662s-15.071 33.662-33.662 33.662c-18.591 0-33.662-15.071-33.662-33.662v0c0.395-18.44 15.249-33.283 33.655-33.662l0.036-0.001z",
          "M1021.606 117.774h74.507c0.026 0 0.056 0 0.087 0 11.9 0 21.547-9.647 21.547-21.547 0-0.030-0-0.061-0-0.091l0 0.005v-74.507c0-0.026 0-0.056 0-0.087 0-11.9-9.647-21.547-21.547-21.547-0.030 0-0.061 0-0.091 0l0.005-0h-74.507c-0.026-0-0.056-0-0.087-0-11.9 0-21.547 9.647-21.547 21.547 0 0.030 0 0.061 0 0.091l-0-0.005v16.817h-382.197v-16.817c0-0.026 0-0.056 0-0.087 0-11.9-9.647-21.547-21.547-21.547-0.030 0-0.061 0-0.091 0l0.005-0h-74.536c-0.026-0-0.056-0-0.087-0-11.9 0-21.547 9.647-21.547 21.547 0 0.030 0 0.061 0 0.091l-0-0.005v16.817h-382.197v-16.817c0-0.026 0-0.056 0-0.087 0-11.9-9.647-21.547-21.547-21.547-0.030 0-0.061 0-0.091 0l0.005-0h-74.507c-0.026-0-0.056-0-0.087-0-11.9 0-21.547 9.647-21.547 21.547 0 0.030 0 0.061 0 0.091l-0-0.005v74.507c-0 0.026-0 0.056-0 0.087 0 11.9 9.647 21.547 21.547 21.547 0.030 0 0.061-0 0.091-0l-0.005 0h74.507c0.026 0 0.056 0 0.087 0 11.9 0 21.547-9.647 21.547-21.547 0-0.030-0-0.061-0-0.091l0 0.005v-14.423h233.155c-62.296 27.583-115.612 63.966-161.165 108.289l0.123-0.12c-80.508 80.978-134.744 188.152-148.806 307.621l-0.236 2.464h-19.211c-0.026-0-0.056-0-0.087-0-11.9 0-21.547 9.647-21.547 21.547 0 0.030 0 0.061 0 0.091l-0-0.005v74.507c-0 0.026-0 0.056-0 0.087 0 11.9 9.647 21.547 21.547 21.547 0.030 0 0.061-0 0.091-0l-0.005 0h74.507c0.026 0 0.056 0 0.087 0 11.9 0 21.547-9.647 21.547-21.547 0-0.030-0-0.061-0-0.091l0 0.005v-74.507c0-0.026 0-0.056 0-0.087 0-11.9-9.647-21.547-21.547-21.547-0.030 0-0.061 0-0.091 0l0.005-0h-12c28.108-216.082 197.355-385.329 411.035-413.181l2.402-0.256v9.605c-0 0.026-0 0.056-0 0.087 0 11.9 9.647 21.547 21.547 21.547 0.030 0 0.061-0 0.091-0l-0.005 0h74.507c0.026 0 0.056 0 0.087 0 11.9 0 21.547-9.647 21.547-21.547 0-0.030-0-0.061-0-0.091l0 0.005v-12c216.094 28.095 385.355 197.346 413.209 411.034l0.256 2.402h-12.028c-0.026-0-0.056-0-0.087-0-11.9 0-21.547 9.647-21.547 21.547 0 0.030 0 0.061 0 0.091l-0-0.005v74.507c-0 0.026-0 0.056-0 0.087 0 11.9 9.647 21.547 21.547 21.547 0.030 0 0.061-0 0.091-0l-0.005 0h74.507c0.026 0 0.056 0 0.087 0 11.9 0 21.547-9.647 21.547-21.547 0-0.030-0-0.061-0-0.091l0 0.005v-74.507c0-0.026 0-0.056 0-0.087 0-11.9-9.647-21.547-21.547-21.547-0.030 0-0.061 0-0.091 0l0.005-0h-19.24c-14.831-121.806-68.94-228.837-149.076-310.148l0.062 0.063c-45.103-45.531-98.494-82.757-157.738-109.243l-3.304-1.32h233.155v19.24c3.646 11.776 13.901 20.401 26.327 21.595l0.124 0.010zM1040.846 74.507v-31.239h31.239v31.239zM543.268 60.084v0-16.817h31.239v31.239h-31.268zM74.536 60.084v0 16.817h-31.268v-33.633h31.239zM74.536 543.239v31.239h-31.268v-31.239zM1074.508 543.239v31.239h-31.268v-31.239z"
        ],
        "attrs": [],
        "width": 1118,
        "isMulticolor": false,
        "isMulticolor2": false,
        "grid": 0,
        "tags": [
          "icon-brand"
        ],
        "colorPermutations": {}
      },
      "attrs": [],
      "properties": {
        "order": 16,
        "id": 4,
        "name": "brand",
        "prevSize": 32,
        "code": 59648
      },
      "setIdx": 2,
      "setId": 0,
      "iconIdx": 0
    },
    {
      "icon": {
        "paths": [
          "M1072.753 0h-975.221c-0.068-0-0.148-0-0.228-0-52.964 0-96.046 42.304-97.302 94.966l-0.002 0.117v148.736c-0.026 0.413-0.041 0.895-0.041 1.38 0 12.723 10.314 23.038 23.038 23.038 0.486 0 0.968-0.015 1.446-0.045l-0.065 0.003c0.413 0.026 0.895 0.041 1.38 0.041 12.723 0 23.038-10.314 23.038-23.038 0-0.486-0.015-0.968-0.045-1.446l0.003 0.065v-148.736c1.18-25.833 22.41-46.33 48.428-46.33 0.123 0 0.246 0 0.37 0.001l-0.019-0h975.221c0.119-0.001 0.26-0.002 0.401-0.002 26.018 0 47.248 20.497 48.424 46.224l0.004 0.106v638.797c-0.293 25.67-21.17 46.366-46.881 46.366-0.658 0-1.314-0.014-1.966-0.040l0.093 0.003h-585.294c-13.463-0-24.377 10.914-24.377 24.377s10.914 24.377 24.377 24.377v0h73.257v146.286h-97.557c-13.463 0-24.377 10.914-24.377 24.377s10.914 24.377 24.377 24.377l243.818-0c13.463 0 24.377-10.914 24.377-24.377s-10.914-24.377-24.377-24.377h-97.532v-146.286h463.234c0.068 0 0.148 0 0.228 0 52.964 0 96.046-42.304 97.302-94.966l0.002-0.117v-638.797c-1.258-52.778-44.341-95.082-97.304-95.082-0.080 0-0.16 0-0.24 0l0.012-0z",
          "M568.067 653.423c1.604-3.315 2.541-7.209 2.541-11.322 0-0.309-0.005-0.617-0.016-0.923l0.001 0.045c-0.003-0.127-0.005-0.277-0.005-0.427 0-3.437 0.94-6.655 2.578-9.409l-0.047 0.085 2.526-2.526c7.786-9.569 13.687-21.004 16.94-33.508l0.137-0.619c1.196-6.596 1.88-14.188 1.88-21.939s-0.684-15.343-1.995-22.718l0.115 0.779v-4.875c7.373-9.508 12.551-21.077 14.57-33.7l0.056-0.427c1.285-5.483 2.021-11.778 2.021-18.245 0-15.766-4.377-30.509-11.981-43.082l0.209 0.373c5.628-9.112 9.87-19.744 12.102-31.097l0.099-0.606 53.629 39.003c-4.538 10.856-7.174 23.47-7.174 36.699 0 53.824 43.633 97.456 97.456 97.456s97.456-43.633 97.456-97.456c0-0.043-0-0.086-0-0.128l0 0.007c-0.6-23.163-8.771-44.308-22.116-61.169l0.164 0.215 85.331-117.034c10.429 4.635 22.595 7.334 35.392 7.334 0.417 0 0.833-0.003 1.248-0.009l-0.063 0.001c53.866 0 97.532-43.667 97.532-97.532s-43.667-97.532-97.532-97.532c-53.866 0-97.532 43.667-97.532 97.532v0c0.6 23.163 8.771 44.308 22.116 61.169l-0.164-0.215-85.331 117.034c-10.429-4.635-22.595-7.334-35.392-7.334-0.417 0-0.833 0.003-1.248 0.009l0.063-0.001c-0.21-0.002-0.459-0.003-0.707-0.003-23.011 0-44.083 8.3-60.386 22.069l0.139-0.115-102.408-78.031c-21.953-22.668-52.668-36.739-86.668-36.739-2.195 0-4.377 0.059-6.543 0.174l0.302-0.013c-21.781 0.34-42.763 2.991-62.946 7.719l1.992-0.393c-7.326 2.526-14.626 2.526-21.952 4.875 8.732-24.937 17.155-56.028 23.568-87.847l0.809-4.81c19.501-92.657-39.003-119.459-51.204-121.909-7.188-2.608-15.497-4.321-24.141-4.766l-0.21-0.009c-42.209 2.312-76.708 32.67-85.298 72.65l-0.109 0.606c-14.378 39.907-29.995 73.686-48.119 105.865l1.79-3.457c-19.35 26.701-63.304 85.205-97.456 102.205-24.621 8.606-53.026 13.904-82.566 14.62l-0.34 0.007h-34.102v2.526c-0.161-0.006-0.349-0.009-0.538-0.009-9.138 0-16.546 7.408-16.546 16.546 0 0.181 0.003 0.361 0.009 0.54l-0.001-0.026v277.87c-0.006 0.185-0.009 0.402-0.009 0.62 0 6.524 2.823 12.389 7.315 16.439l0.020 0.017c1.264 1.317 2.944 2.227 4.828 2.52l0.048 0.006c2.725 1.704 6.035 2.715 9.581 2.715 0.924 0 1.833-0.069 2.72-0.201l-0.1 0.012h19.501c68.204-7.326 124.334-12.201 175.538-14.626l-90.207 136.409c-9.751 0-19.501-2.526-31.702-2.526-53.866 0-97.532 43.667-97.532 97.532s43.667 97.532 97.532 97.532c53.866 0 97.532-43.667 97.532-97.532v-0c-0.732-25.107-9.807-47.962-24.534-66.028l0.157 0.199 107.182-160.811c14.626 2.526 29.252 7.326 43.878 9.751 19.334 6.165 42.407 11.287 66.112 14.401l2.093 0.225c8.437 1.685 18.136 2.649 28.060 2.649 2.134 0 4.257-0.045 6.369-0.133l-0.302 0.010c80.607 2.4 136.712-26.903 143.987-73.231zM945.994 173.113c26.926 0 48.753 21.828 48.753 48.753s-21.828 48.753-48.753 48.753c-26.926 0-48.753-21.828-48.753-48.753v0c0.086-26.891 21.862-48.668 48.745-48.753l0.008-0zM750.93 441.307c26.926 0 48.753 21.828 48.753 48.753s-21.828 48.753-48.753 48.753c-26.926 0-48.753-21.828-48.753-48.753v0c0.086-26.891 21.862-48.668 48.745-48.753l0.008-0zM97.532 975.247c-26.926 0-48.753-21.828-48.753-48.753s21.828-48.753 48.753-48.753c26.926 0 48.753 21.828 48.753 48.753v0c-0.086 26.891-21.862 48.668-48.745 48.753l-0.008 0zM48.753 433.982c23.348-0.028 46.058-2.696 67.867-7.721l-2.037 0.395 34.127 226.742c-29.252 2.526-63.38 4.875-99.957 9.751zM543.69 555.891c1.166 3.645 1.838 7.838 1.838 12.188s-0.672 8.543-1.918 12.481l0.080-0.293c0 4.875-4.875 9.751-9.751 14.626-4.51 4.632-7.891 10.384-9.685 16.8l-0.066 0.277c-1.613 6.152-2.539 13.215-2.539 20.494 0 0.512 0.005 1.024 0.014 1.534l-0.001-0.077v4.875c-2.526 21.952-43.878 36.578-97.532 36.578-1.475 0.085-3.2 0.133-4.937 0.133-7.772 0-15.317-0.97-22.522-2.795l0.632 0.136c-24.377-4.875-43.878-9.751-63.38-14.626-28.301-8.547-60.918-13.836-94.649-14.618l-0.433-0.008c-1.79-0.055-3.896-0.086-6.009-0.086-11.649 0-23.076 0.95-34.208 2.777l1.214-0.164-36.477-241.393c48.829-29.328 95.082-97.532 107.258-114.583 19.386-32.497 37.454-70.281 52.061-109.745l1.568-4.838c7.326-26.827 29.252-43.878 48.753-36.578 9.751 2.526 29.252 14.626 19.501 65.83-9.877 46.769-21.638 86.76-36.086 125.44l1.958-5.982-21.952 41.453h39.003c24.92-1.352 48.271-4.833 70.85-10.291l-2.646 0.54c13.353-3.171 28.684-4.99 44.439-4.99 2.379 0 4.748 0.041 7.107 0.124l-0.342-0.009c60.954 0 63.38 31.702 65.83 43.878-0.28 11.816-3.878 22.738-9.894 31.935l0.143-0.233c-2.487 2.598-4.226 5.931-4.86 9.641l-0.015 0.109-2.526 7.326v7.326c0.549 5.471 2.291 10.44 4.961 14.776l-0.086-0.15c4.386 6.568 6.999 14.644 6.999 23.331 0 4.737-0.777 9.292-2.211 13.546l0.087-0.299c0.004 0.133 0.006 0.289 0.006 0.446 0 5.831-2.872 10.992-7.279 14.145l-0.053 0.036c-4.131 5.387-6.803 12.089-7.319 19.386l-0.007 0.116c0.251 7.153 2.1 13.82 5.198 19.728l-0.121-0.252z"
        ],
        "attrs": [],
        "width": 1170,
        "isMulticolor": false,
        "isMulticolor2": false,
        "grid": 0,
        "tags": [
          "icon-compaigns"
        ],
        "colorPermutations": {}
      },
      "attrs": [],
      "properties": {
        "order": 17,
        "id": 3,
        "name": "compaigns",
        "prevSize": 32,
        "code": 59649
      },
      "setIdx": 2,
      "setId": 0,
      "iconIdx": 1
    },
    {
      "icon": {
        "paths": [
          "M1097.114 341.343h-243.8c-0.395-0.008-0.862-0.012-1.329-0.012-39.669 0-71.826 32.158-71.826 71.826 0 0.467 0.004 0.933 0.013 1.399l-0.001-0.070v536.371c-0.008 0.395-0.012 0.862-0.012 1.329 0 39.669 32.158 71.826 71.826 71.826 0.467 0 0.933-0.004 1.399-0.013l-0.070 0.001h243.8c0.395 0.008 0.862 0.012 1.329 0.012 39.669 0 71.826-32.158 71.826-71.826 0-0.467-0.004-0.933-0.013-1.399l0.001 0.070v-536.371c0.008-0.395 0.012-0.862 0.012-1.329 0-39.669-32.158-71.826-71.826-71.826-0.467 0-0.933 0.004-1.399 0.013l0.070-0.001zM1121.485 950.857c0.027 0.415 0.042 0.899 0.042 1.388 0 12.717-10.309 23.025-23.025 23.025-0.488 0-0.973-0.015-1.453-0.045l0.066 0.003h-243.8c-0.415 0.027-0.899 0.042-1.388 0.042-12.717 0-23.025-10.309-23.025-23.025 0-0.488 0.015-0.973 0.045-1.453l-0.003 0.066v-536.371c-0.027-0.415-0.042-0.899-0.042-1.388 0-12.717 10.309-23.025 23.025-23.025 0.488 0 0.973 0.015 1.453 0.045l-0.066-0.003h243.8c0.415-0.027 0.899-0.042 1.388-0.042 12.717 0 23.025 10.309 23.025 23.025 0 0.488-0.015 0.973-0.045 1.453l0.003-0.066z",
          "M1072.772 0h-975.258c-0.060-0-0.131-0-0.202-0-52.966 0-96.052 42.305-97.31 94.969l-0.002 0.117v638.771c1.26 52.781 44.346 95.086 97.312 95.086 0.071 0 0.142-0 0.212-0l-0.011 0h463.258v146.286h-97.543c-13.468 0-24.386 10.918-24.386 24.386s10.918 24.386 24.386 24.386v0h243.8c13.468 0 24.386-10.918 24.386-24.386s-10.918-24.386-24.386-24.386v0h-97.514v-146.286h73.143c13.468 0 24.386-10.918 24.386-24.386s-10.918-24.386-24.386-24.386v0h-585.143c-0.101 0.001-0.221 0.001-0.341 0.001-26.013 0-47.241-20.488-48.427-46.209l-0.004-0.107v-638.771c1.19-25.827 22.418-46.315 48.431-46.315 0.12 0 0.24 0 0.359 0.001l-0.018-0h975.258c0.093-0.001 0.202-0.001 0.312-0.001 26.013 0 47.241 20.488 48.427 46.208l0.004 0.107v148.714c0 13.468 10.918 24.386 24.386 24.386s24.386-10.918 24.386-24.386v0-148.714c-1.26-52.781-44.346-95.086-97.312-95.086-0.071 0-0.142 0-0.212 0l0.011-0z",
          "M782.57 217l-24.371-24.371c-7.156-6.804-16.857-10.989-27.536-10.989-7.871 0-15.211 2.274-21.398 6.2l0.163-0.097-24.371 14.629c-7.74-4.44-16.735-7.825-26.282-9.655l-0.547-0.087-7.314-26.829c-3.592-16.826-18.332-29.262-35.977-29.262-0.209 0-0.418 0.002-0.626 0.005l0.031-0h-65.829c-0.177-0.003-0.386-0.005-0.595-0.005-17.645 0-32.385 12.436-35.933 29.021l-0.043 0.241-7.314 26.829c-8.782 3.275-16.014 6.555-22.994 10.25l1.051-0.507-24.371-14.629c-5.684-3.756-12.658-5.992-20.155-5.992-10.224 0-19.476 4.158-26.158 10.876l-0.002 0.002-46.343 46.314c-6.804 7.156-10.989 16.857-10.989 27.536 0 7.871 2.274 15.211 6.2 21.398l-0.097-0.163 14.629 24.371c-4.44 7.74-7.825 16.735-9.655 26.282l-0.087 0.547-29.257 7.314c-16.612 4.32-28.761 18.961-29.256 36.517l-0.001 0.054v65.829c-0.003 0.177-0.005 0.386-0.005 0.595 0 17.645 12.436 32.385 29.021 35.933l0.241 0.043 26.829 4.886c3.372 10.264 7.503 19.137 12.527 27.408l-0.327-0.58-14.629 24.371c-3.756 5.684-5.992 12.658-5.992 20.155 0 10.224 4.158 19.476 10.876 26.158l0.002 0.002 46.285 46.314c6.72 6.672 15.978 10.796 26.199 10.796 7.473 0 14.431-2.204 20.259-5.998l-0.144 0.088 24.371-14.629c7.74 4.44 16.735 7.825 26.282 9.655l0.547 0.087 4.886 26.829c3.412 17.617 18.331 30.866 36.488 31.682l0.084 0.003h34.143c13.468 0 24.386-10.918 24.386-24.386s-10.918-24.386-24.386-24.386v0h-24.371l-4.886-21.943c-3.423-15.161-14.548-27.092-28.954-31.604l-0.303-0.082c-10.025-3.418-18.081-6.712-25.917-10.396l1.546 0.653c-5.765-2.733-12.526-4.328-19.659-4.328-8.953 0-17.319 2.513-24.431 6.873l0.204-0.116-19.515 12.2-34.143-34.143 12.2-19.515c3.688-6.759 5.856-14.804 5.856-23.356 0-6.515-1.259-12.737-3.546-18.434l0.118 0.333c-3.442-6.76-6.746-14.829-9.414-23.181l-0.328-1.19c-4.593-14.709-16.524-25.834-31.399-29.203l-0.286-0.054-24.371-7.314v-48.742l21.943-4.886c15.161-3.423 27.092-14.548 31.604-28.954l0.082-0.303c3.418-10.025 6.712-18.081 10.396-25.917l-0.653 1.546c2.709-5.764 4.29-12.518 4.29-19.641 0-8.954-2.498-17.325-6.836-24.453l0.118 0.208-9.743-19.515 34.114-34.143 19.515 12.2c7.187 3.725 15.691 5.909 24.704 5.909 6.891 0 13.484-1.277 19.556-3.607l-0.374 0.126c6.29-3.031 14.346-6.325 22.597-9.204l1.774-0.539c14.709-4.593 25.834-16.524 29.203-31.399l0.054-0.286 4.886-24.371h48.772l4.886 21.943c3.423 15.161 14.548 27.092 28.954 31.604l0.303 0.082c10.025 3.418 18.081 6.712 25.917 10.396l-1.546-0.653c5.764 2.709 12.518 4.29 19.641 4.29 8.954 0 17.325-2.498 24.453-6.836l-0.208 0.118 19.515-9.743 17.057 17.057c4.331 4.165 10.226 6.73 16.721 6.73 13.331 0 24.137-10.807 24.137-24.137 0-6.502-2.571-12.403-6.751-16.743l0.007 0.008z",
          "M585.114 316.943c-53.856 0-97.514 43.659-97.514 97.514s43.659 97.514 97.514 97.514c53.856 0 97.514-43.659 97.514-97.514v0c-0.166-53.789-43.725-97.348-97.498-97.514l-0.016-0zM585.114 463.228c-26.936 0-48.772-21.836-48.772-48.772s21.836-48.772 48.772-48.772c26.936 0 48.772 21.836 48.772 48.772v0c-0.083 26.902-21.869 48.689-48.764 48.772l-0.008 0z"
        ],
        "attrs": [],
        "width": 1170,
        "isMulticolor": false,
        "isMulticolor2": false,
        "grid": 0,
        "tags": [
          "icon-digital"
        ],
        "colorPermutations": {}
      },
      "attrs": [],
      "properties": {
        "order": 18,
        "id": 2,
        "name": "digital",
        "prevSize": 32,
        "code": 59650
      },
      "setIdx": 2,
      "setId": 0,
      "iconIdx": 2
    },
    {
      "icon": {
        "paths": [
          "M900.016 981.237v0c-55.589-14.915-68.416-128.266-68.416-171.029 0.021-0.341 0.032-0.739 0.032-1.14 0-11.155-9.043-20.199-20.199-20.199-0.401 0-0.799 0.012-1.195 0.035l0.055-0.003h-171.093c-0.341-0.021-0.739-0.032-1.14-0.032-11.155 0-20.199 9.043-20.199 20.199 0 0.401 0.012 0.799 0.035 1.195l-0.003-0.055c0 42.763-12.784 156.050-68.416 171.029v0c-9.036 2.304-15.821 9.806-17.033 19.061l-0.012 0.115c-0.021 0.341-0.032 0.739-0.032 1.14 0 11.155 9.043 20.199 20.199 20.199 0.401 0 0.799-0.012 1.195-0.035l-0.055 0.003h341.994c0.268 0.013 0.581 0.020 0.897 0.020 11.297 0 20.454-9.158 20.454-20.454 0-10.108-7.332-18.504-16.968-20.159l-0.121-0.017zM660.572 831.6h130.397c2.131 36.349 10.653 104.744 42.763 149.637h-213.77c29.915-44.893 38.48-113.309 40.611-149.637z",
          "M553.676 639.201h703.334v42.763h-703.334v-42.763z",
          "M425.431 1023.979h-339.927c-47.164-0.145-85.359-38.34-85.504-85.49l-0-0.014v-681.964c0.145-47.164 38.34-85.359 85.49-85.504l0.014-0h342.058c47.164 0.145 85.359 38.34 85.504 85.49l0 0.014v681.964c-1.939 47.165-40.277 84.759-87.563 85.503l-0.072 0.001zM85.504 213.77c-23.588 0.072-42.69 19.175-42.763 42.756l-0 0.007v681.942c0.072 23.588 19.175 42.69 42.756 42.763l0.007 0h342.058c23.588-0.072 42.69-19.175 42.763-42.756l0-0.007v-681.964c-0.072-23.588-19.175-42.69-42.756-42.763l-0.007-0z",
          "M21.371 831.579h468.172v42.763h-468.172v-42.763z",
          "M128.202 681.942c-0.341-0.021-0.739-0.032-1.14-0.032-11.155 0-20.199 9.043-20.199 20.199 0 0.401 0.012 0.799 0.035 1.195l-0.003-0.055v21.307c-0.021 0.341-0.032 0.739-0.032 1.14 0 11.155 9.043 20.199 20.199 20.199 0.401 0 0.799-0.012 1.195-0.035l-0.055 0.003c0.341 0.021 0.739 0.032 1.14 0.032 11.155 0 20.199-9.043 20.199-20.199 0-0.401-0.012-0.799-0.035-1.195l0.003 0.055v-21.307c-0.834-11.416-9.89-20.473-21.232-21.302l-0.075-0.004z",
          "M213.706 617.809c-0.341-0.021-0.739-0.032-1.14-0.032-11.155 0-20.199 9.043-20.199 20.199 0 0.401 0.012 0.799 0.035 1.195l-0.003-0.055v85.504c-0.021 0.341-0.032 0.739-0.032 1.14 0 11.155 9.043 20.199 20.199 20.199 0.401 0 0.799-0.012 1.195-0.035l-0.055 0.003c0.341 0.021 0.739 0.032 1.14 0.032 11.155 0 20.199-9.043 20.199-20.199 0-0.401-0.012-0.799-0.035-1.195l0.003 0.055v-85.504c-0.834-11.416-9.89-20.473-21.232-21.302l-0.075-0.004z",
          "M299.21 406.17c-0.341-0.021-0.739-0.032-1.14-0.032-11.155 0-20.199 9.043-20.199 20.199 0 0.401 0.012 0.799 0.035 1.195l-0.003-0.055v299.359c0 11.809 9.573 21.381 21.381 21.381s21.381-9.573 21.381-21.381v0-299.359c0-0 0-0 0-0.001 0-11.767-9.539-21.307-21.307-21.307-0.052 0-0.105 0-0.157 0.001l0.008-0z",
          "M384.735 617.809c-0.341-0.021-0.739-0.032-1.14-0.032-11.155 0-20.199 9.043-20.199 20.199 0 0.401 0.012 0.799 0.035 1.195l-0.003-0.055v85.504c0 11.809 9.573 21.381 21.381 21.381s21.381-9.573 21.381-21.381h-0v-85.504c-0.842-11.464-9.976-20.546-21.387-21.303l-0.069-0.004z",
          "M895.734 128.266c-118.053 0.012-213.749 95.716-213.749 213.77 0 118.062 95.708 213.77 213.77 213.77s213.77-95.708 213.77-213.77v0c-0.362-117.924-95.866-213.42-213.758-213.77l-0.033-0zM895.734 510.935c-94.457 0-171.029-76.572-171.029-171.029s76.572-171.029 171.029-171.029c94.457 0 171.029 76.572 171.029 171.029v0c-0.278 94.345-76.684 170.751-171.002 171.029l-0.026 0z",
          "M895.67 235.141c-0.341-0.021-0.739-0.032-1.14-0.032-11.155 0-20.199 9.043-20.199 20.199 0 0.401 0.012 0.799 0.035 1.195l-0.003-0.055v149.637c0 11.809 9.573 21.381 21.381 21.381s21.381-9.573 21.381-21.381v0-149.637c0-0 0-0 0-0.001 0-11.767-9.539-21.307-21.307-21.307-0.052 0-0.105 0-0.157 0.001l0.008-0z",
          "M981.174 277.903c-0.341-0.021-0.739-0.032-1.14-0.032-11.155 0-20.199 9.043-20.199 20.199 0 0.401 0.012 0.799 0.035 1.195l-0.003-0.055v106.96c0 11.809 9.573 21.381 21.381 21.381s21.381-9.573 21.381-21.381v0-106.96c0-0 0-0 0-0.001 0-11.767-9.539-21.307-21.307-21.307-0.052 0-0.105 0-0.157 0.001l0.008-0z",
          "M810.145 363.428c-0.341-0.021-0.739-0.032-1.14-0.032-11.155 0-20.199 9.043-20.199 20.199 0 0.401 0.012 0.799 0.035 1.195l-0.003-0.055v21.307c0 11.809 9.573 21.381 21.381 21.381s21.381-9.573 21.381-21.381v0-21.307c0.021-0.343 0.033-0.745 0.033-1.149 0-11.155-9.043-20.199-20.199-20.199-0.454 0-0.904 0.015-1.35 0.044l0.061-0.003z",
          "M1195.029 0h-938.496c-47.164 0.145-85.359 38.34-85.504 85.49l-0 0.014v42.763h42.763v-42.763c0.072-23.588 19.175-42.69 42.756-42.763l0.007-0h938.475c23.588 0.072 42.69 19.175 42.763 42.756l0 0.007v660.508c-0.072 23.588-19.175 42.69-42.756 42.763l-0.007 0h-641.332v42.826h639.201c47.164-0.145 85.359-38.34 85.504-85.49l0-0.014v-660.508c0.010-0.489 0.016-1.065 0.016-1.642 0-46.167-37.267-83.629-83.359-83.946l-0.030-0z"
        ],
        "attrs": [],
        "width": 1278,
        "isMulticolor": false,
        "isMulticolor2": false,
        "grid": 0,
        "tags": [
          "icon-marketing"
        ],
        "colorPermutations": {}
      },
      "attrs": [],
      "properties": {
        "order": 19,
        "id": 1,
        "name": "marketing",
        "prevSize": 32,
        "code": 59651
      },
      "setIdx": 2,
      "setId": 0,
      "iconIdx": 3
    },
    {
      "icon": {
        "paths": [
          "M213.325 597.325h-21.325c-0.346-0.007-0.754-0.011-1.163-0.011-34.71 0-62.848 28.138-62.848 62.848 0 0.409 0.004 0.817 0.012 1.224l-0.001-0.061v213.325c-0.023 0.363-0.037 0.787-0.037 1.214 0 11.127 9.020 20.147 20.147 20.147 0.427 0 0.851-0.013 1.272-0.039l-0.058 0.003c0.363 0.023 0.787 0.037 1.214 0.037 11.127 0 20.147-9.020 20.147-20.147 0-0.427-0.013-0.851-0.039-1.272l0.003 0.058v-213.325c-0.023-0.363-0.037-0.787-0.037-1.214 0-11.127 9.020-20.147 20.147-20.147 0.427 0 0.851 0.013 1.272 0.039l-0.058-0.003h21.325c0.363-0.023 0.787-0.037 1.214-0.037 11.127 0 20.147 9.020 20.147 20.147 0 0.427-0.013 0.851-0.039 1.272l0.003-0.058v213.325c0 11.784 9.553 21.338 21.338 21.338s21.338-9.553 21.338-21.338v0-213.325c0.007-0.346 0.011-0.754 0.011-1.162 0-34.71-28.138-62.848-62.848-62.848-0.4 0-0.799 0.004-1.197 0.011l0.060-0.001z",
          "M426.675 341.325h-21.325c-0.346-0.007-0.754-0.011-1.163-0.011-34.71 0-62.848 28.138-62.848 62.848 0 0.409 0.004 0.817 0.012 1.224l-0.001-0.061v469.325c0 11.784 9.553 21.338 21.338 21.338s21.338-9.553 21.338-21.338v0-469.325c-0.023-0.363-0.037-0.787-0.037-1.214 0-11.127 9.020-20.147 20.147-20.147 0.427 0 0.851 0.013 1.272 0.039l-0.058-0.003h21.325c0.363-0.023 0.787-0.037 1.214-0.037 11.127 0 20.147 9.020 20.147 20.147 0 0.427-0.013 0.851-0.039 1.272l0.003-0.058v469.325c0 11.784 9.553 21.338 21.338 21.338s21.338-9.553 21.338-21.338v0-469.325c0.007-0.346 0.011-0.754 0.011-1.163 0-34.71-28.138-62.848-62.848-62.848-0.409 0-0.817 0.004-1.224 0.012l0.061-0.001z",
          "M640.026 704h-21.325c-0.346-0.007-0.754-0.011-1.163-0.011-34.71 0-62.848 28.138-62.848 62.848 0 0.409 0.004 0.817 0.012 1.224l-0.001-0.061v106.675c0 11.784 9.553 21.338 21.338 21.338s21.338-9.553 21.338-21.338v0-106.675c-0.023-0.363-0.037-0.787-0.037-1.214 0-11.127 9.020-20.147 20.147-20.147 0.427 0 0.851 0.013 1.272 0.039l-0.058-0.003h21.325c0.363-0.023 0.787-0.037 1.214-0.037 11.127 0 20.147 9.020 20.147 20.147 0 0.427-0.013 0.851-0.039 1.272l0.003-0.058v106.675c0 11.784 9.553 21.338 21.338 21.338s21.338-9.553 21.338-21.338v0-106.675c0.007-0.346 0.011-0.754 0.011-1.163 0-34.71-28.138-62.848-62.848-62.848-0.409 0-0.817 0.004-1.224 0.012l0.061-0.001z",
          "M938.675 170.675h-42.675v-21.35c0-82.477-66.861-149.338-149.338-149.338s-149.338 66.861-149.338 149.338v21.325h-512c-47.074 0.145-85.194 38.274-85.325 85.338l-0 0.013v682.675c0.145 47.065 38.26 85.18 85.311 85.325l0.014 0h704c19.894-0.71 37.795-8.697 51.24-21.362l-0.040 0.037 162.125-162.125c12.628-13.405 20.614-31.306 21.321-51.062l0.004-0.138v-533.35c-0.145-47.056-38.245-85.165-85.284-85.325l-0.015-0zM640 149.325c-0.008-0.492-0.013-1.071-0.013-1.652 0-58.915 47.76-106.675 106.675-106.675s106.675 47.76 106.675 106.675c0 0.581-0.005 1.161-0.014 1.74l0.001-0.087v21.325h-213.325zM832 951.45v-76.8c0.087-23.529 19.145-42.577 42.668-42.65l0.007-0h76.8zM981.325 789.325h-106.65c-47.065 0.145-85.18 38.26-85.325 85.311l-0 0.014v106.675h-704.026c-23.54-0.073-42.603-19.136-42.675-42.668l-0-0.007v-682.65c0.073-23.54 19.136-42.603 42.668-42.675l0.007-0h768v320c0 35.346-28.654 64-64 64s-64-28.654-64-64v0-213.325c0-11.784-9.553-21.338-21.338-21.338s-21.338 9.553-21.338 21.338v0 213.325c0.93 58.2 48.328 105.023 106.662 105.023s105.732-46.823 106.661-104.935l0.001-0.087v-320h42.675c23.54 0.073 42.603 19.136 42.675 42.668l0 0.007z"
        ],
        "attrs": [],
        "isMulticolor": false,
        "isMulticolor2": false,
        "grid": 0,
        "tags": [
          "icon-pr"
        ],
        "colorPermutations": {}
      },
      "attrs": [],
      "properties": {
        "order": 20,
        "id": 0,
        "name": "pr",
        "prevSize": 32,
        "code": 59652
      },
      "setIdx": 2,
      "setId": 0,
      "iconIdx": 4
    },
    {
      "icon": {
        "paths": [
          "M512 950.857c-9.143 0-18.286-3.429-25.143-10.286l-356.571-344c-4.571-4-130.286-118.857-130.286-256 0-167.429 102.286-267.429 273.143-267.429 100 0 193.714 78.857 238.857 123.429 45.143-44.571 138.857-123.429 238.857-123.429 170.857 0 273.143 100 273.143 267.429 0 137.143-125.714 252-130.857 257.143l-356 342.857c-6.857 6.857-16 10.286-25.143 10.286z"
        ],
        "width": 1024,
        "attrs": [],
        "isMulticolor": false,
        "isMulticolor2": false,
        "tags": [
          "heart"
        ],
        "defaultCode": 61444,
        "grid": 14
      },
      "attrs": [],
      "properties": {
        "name": "heart",
        "id": 8,
        "order": 6,
        "prevSize": 28,
        "code": 61444
      },
      "setIdx": 1,
      "setId": 1,
      "iconIdx": 8
    },
    {
      "icon": {
        "paths": [
          "M950.857 340.571c0-160.571-108.571-194.286-200-194.286-85.143 0-181.143 92-210.857 127.429-13.714 16.571-42.286 16.571-56 0-29.714-35.429-125.714-127.429-210.857-127.429-91.429 0-200 33.714-200 194.286 0 104.571 105.714 201.714 106.857 202.857l332 320 331.429-319.429c1.714-1.714 107.429-98.857 107.429-203.429zM1024 340.571c0 137.143-125.714 252-130.857 257.143l-356 342.857c-6.857 6.857-16 10.286-25.143 10.286s-18.286-3.429-25.143-10.286l-356.571-344c-4.571-4-130.286-118.857-130.286-256 0-167.429 102.286-267.429 273.143-267.429 100 0 193.714 78.857 238.857 123.429 45.143-44.571 138.857-123.429 238.857-123.429 170.857 0 273.143 100 273.143 267.429z"
        ],
        "width": 1024,
        "attrs": [],
        "isMulticolor": false,
        "isMulticolor2": false,
        "tags": [
          "heart-o"
        ],
        "defaultCode": 61578,
        "grid": 14
      },
      "attrs": [],
      "properties": {
        "name": "heart-o",
        "id": 131,
        "order": 7,
        "prevSize": 28,
        "code": 61578
      },
      "setIdx": 1,
      "setId": 1,
      "iconIdx": 131
    },
    {
      "icon": {
        "paths": [
          "M925.714 233.143c-25.143 36.571-56.571 69.143-92.571 95.429 0.571 8 0.571 16 0.571 24 0 244-185.714 525.143-525.143 525.143-104.571 0-201.714-30.286-283.429-82.857 14.857 1.714 29.143 2.286 44.571 2.286 86.286 0 165.714-29.143 229.143-78.857-81.143-1.714-149.143-54.857-172.571-128 11.429 1.714 22.857 2.857 34.857 2.857 16.571 0 33.143-2.286 48.571-6.286-84.571-17.143-148-91.429-148-181.143v-2.286c24.571 13.714 53.143 22.286 83.429 23.429-49.714-33.143-82.286-89.714-82.286-153.714 0-34.286 9.143-65.714 25.143-93.143 90.857 112 227.429 185.143 380.571 193.143-2.857-13.714-4.571-28-4.571-42.286 0-101.714 82.286-184.571 184.571-184.571 53.143 0 101.143 22.286 134.857 58.286 41.714-8 81.714-23.429 117.143-44.571-13.714 42.857-42.857 78.857-81.143 101.714 37.143-4 73.143-14.286 106.286-28.571z"
        ],
        "width": 950.8571428571428,
        "attrs": [],
        "isMulticolor": false,
        "isMulticolor2": false,
        "tags": [
          "twitter"
        ],
        "defaultCode": 61593,
        "grid": 14
      },
      "attrs": [],
      "properties": {
        "name": "twitter",
        "id": 145,
        "order": 3,
        "prevSize": 28,
        "code": 61593
      },
      "setIdx": 1,
      "setId": 1,
      "iconIdx": 145
    },
    {
      "icon": {
        "paths": [
          "M548 6.857v150.857h-89.714c-70.286 0-83.429 33.714-83.429 82.286v108h167.429l-22.286 169.143h-145.143v433.714h-174.857v-433.714h-145.714v-169.143h145.714v-124.571c0-144.571 88.571-223.429 217.714-223.429 61.714 0 114.857 4.571 130.286 6.857z"
        ],
        "width": 602.2582857142856,
        "attrs": [],
        "isMulticolor": false,
        "isMulticolor2": false,
        "tags": [
          "facebook",
          "facebook-f"
        ],
        "defaultCode": 61594,
        "grid": 14
      },
      "attrs": [],
      "properties": {
        "name": "facebook, facebook-f",
        "id": 146,
        "order": 2,
        "prevSize": 28,
        "code": 61594
      },
      "setIdx": 1,
      "setId": 1,
      "iconIdx": 146
    },
    {
      "icon": {
        "paths": [
          "M199.429 357.143v566.286h-188.571v-566.286h188.571zM211.429 182.286c0.571 54.286-40.571 97.714-106.286 97.714v0h-1.143c-63.429 0-104-43.429-104-97.714 0-55.429 42.286-97.714 106.286-97.714 64.571 0 104.571 42.286 105.143 97.714zM877.714 598.857v324.571h-188v-302.857c0-76-27.429-128-95.429-128-52 0-82.857 34.857-96.571 68.571-4.571 12.571-6.286 29.143-6.286 46.286v316h-188c2.286-513.143 0-566.286 0-566.286h188v82.286h-1.143c24.571-38.857 69.143-95.429 170.857-95.429 124 0 216.571 81.143 216.571 254.857z"
        ],
        "width": 877.7142857142857,
        "attrs": [],
        "isMulticolor": false,
        "isMulticolor2": false,
        "tags": [
          "linkedin"
        ],
        "defaultCode": 61665,
        "grid": 14
      },
      "attrs": [],
      "properties": {
        "name": "linkedin",
        "id": 200,
        "order": 4,
        "prevSize": 28,
        "code": 61665
      },
      "setIdx": 1,
      "setId": 1,
      "iconIdx": 200
    },
    {
      "icon": {
        "paths": [
          "M950.857 365.714c0-60.571-49.143-109.714-109.714-109.714h-36.571v219.429h36.571c60.571 0 109.714-49.143 109.714-109.714zM0 804.571h1024c0 80.571-65.714 146.286-146.286 146.286h-731.429c-80.571 0-146.286-65.714-146.286-146.286zM1060.571 365.714c0 121.143-98.286 219.429-219.429 219.429h-36.571v18.286c0 70.286-57.714 128-128 128h-402.286c-70.286 0-128-57.714-128-128v-420.571c0-20 16.571-36.571 36.571-36.571h658.286c121.143 0 219.429 98.286 219.429 219.429z"
        ],
        "width": 1060.5714285714284,
        "attrs": [],
        "isMulticolor": false,
        "isMulticolor2": false,
        "tags": [
          "coffee"
        ],
        "defaultCode": 61684,
        "grid": 14
      },
      "attrs": [],
      "properties": {
        "name": "coffee",
        "id": 218,
        "order": 40,
        "prevSize": 28,
        "code": 61684
      },
      "setIdx": 1,
      "setId": 1,
      "iconIdx": 218
    },
    {
      "icon": {
        "paths": [
          "M585.143 512c0-80.571-65.714-146.286-146.286-146.286s-146.286 65.714-146.286 146.286 65.714 146.286 146.286 146.286 146.286-65.714 146.286-146.286zM664 512c0 124.571-100.571 225.143-225.143 225.143s-225.143-100.571-225.143-225.143 100.571-225.143 225.143-225.143 225.143 100.571 225.143 225.143zM725.714 277.714c0 29.143-23.429 52.571-52.571 52.571s-52.571-23.429-52.571-52.571 23.429-52.571 52.571-52.571 52.571 23.429 52.571 52.571zM438.857 152c-64 0-201.143-5.143-258.857 17.714-20 8-34.857 17.714-50.286 33.143s-25.143 30.286-33.143 50.286c-22.857 57.714-17.714 194.857-17.714 258.857s-5.143 201.143 17.714 258.857c8 20 17.714 34.857 33.143 50.286s30.286 25.143 50.286 33.143c57.714 22.857 194.857 17.714 258.857 17.714s201.143 5.143 258.857-17.714c20-8 34.857-17.714 50.286-33.143s25.143-30.286 33.143-50.286c22.857-57.714 17.714-194.857 17.714-258.857s5.143-201.143-17.714-258.857c-8-20-17.714-34.857-33.143-50.286s-30.286-25.143-50.286-33.143c-57.714-22.857-194.857-17.714-258.857-17.714zM877.714 512c0 60.571 0.571 120.571-2.857 181.143-3.429 70.286-19.429 132.571-70.857 184s-113.714 67.429-184 70.857c-60.571 3.429-120.571 2.857-181.143 2.857s-120.571 0.571-181.143-2.857c-70.286-3.429-132.571-19.429-184-70.857s-67.429-113.714-70.857-184c-3.429-60.571-2.857-120.571-2.857-181.143s-0.571-120.571 2.857-181.143c3.429-70.286 19.429-132.571 70.857-184s113.714-67.429 184-70.857c60.571-3.429 120.571-2.857 181.143-2.857s120.571-0.571 181.143 2.857c70.286 3.429 132.571 19.429 184 70.857s67.429 113.714 70.857 184c3.429 60.571 2.857 120.571 2.857 181.143z"
        ],
        "width": 877.7142857142857,
        "attrs": [],
        "isMulticolor": false,
        "isMulticolor2": false,
        "tags": [
          "instagram"
        ],
        "defaultCode": 61805,
        "grid": 14
      },
      "attrs": [],
      "properties": {
        "name": "instagram",
        "id": 329,
        "order": 5,
        "prevSize": 28,
        "code": 61805
      },
      "setIdx": 1,
      "setId": 1,
      "iconIdx": 329
    },
    {
      "icon": {
        "paths": [
          "M585.143 857.143c-5.714-33.143-27.429-147.429-80-284.571-0.571 0-1.714 0.571-2.286 0.571 0 0-222.286 77.714-294.286 234.286-3.429-2.857-8.571-6.286-8.571-6.286 65.143 53.143 148 85.714 238.857 85.714 52 0 101.143-10.857 146.286-29.714zM479.429 510.286c-9.143-21.143-19.429-42.286-30.286-63.429-193.143 57.714-378.286 53.143-384.571 53.143-0.571 4-0.571 8-0.571 12 0 96 36.571 184 96 250.286v0c102.286-182.286 304.571-247.429 304.571-247.429 5.143-1.714 10.286-2.857 14.857-4.571zM418.286 389.143c-65.143-115.429-134.286-209.143-139.429-216-104.571 49.143-182.286 145.714-206.857 261.714 9.714 0 166.286 1.714 346.286-45.714zM809.143 571.429c-8-2.286-112.571-35.429-233.714-16.571 49.143 135.429 69.143 245.714 73.143 268 84-56.571 143.429-146.857 160.571-251.429zM349.143 148c-0.571 0-0.571 0-1.143 0.571 0 0 0.571-0.571 1.143-0.571zM686.286 230.857c-65.714-58.286-152.571-93.714-247.429-93.714-30.286 0-60 4-88.571 10.857 5.714 7.429 76.571 100.571 140.571 218.286 141.143-52.571 194.286-133.714 195.429-135.429zM813.714 508c-1.143-88.571-32.571-170.286-85.143-234.286-1.143 1.143-61.143 88-209.143 148.571 8.571 17.714 17.143 36 25.143 54.286 2.857 6.286 5.143 13.143 8 19.429 129.143-16.571 256.571 11.429 261.143 12zM877.714 512c0 242.286-196.571 438.857-438.857 438.857s-438.857-196.571-438.857-438.857 196.571-438.857 438.857-438.857 438.857 196.571 438.857 438.857z"
        ],
        "width": 877.7142857142857,
        "attrs": [],
        "isMulticolor": false,
        "isMulticolor2": false,
        "tags": [
          "dribbble"
        ],
        "defaultCode": 61821,
        "grid": 14
      },
      "attrs": [],
      "properties": {
        "name": "dribbble",
        "id": 344,
        "order": 12,
        "prevSize": 28,
        "code": 61821
      },
      "setIdx": 1,
      "setId": 1,
      "iconIdx": 344
    },
    {
      "icon": {
        "paths": [
          "M670.286 607.429c0-99.429-96.571-133.714-177.714-152l-59.429-13.714c-43.429-10.286-76-17.714-76-50.857 0-30.286 32-44 82.286-44 89.714 0 91.429 65.714 146.857 65.714 37.143 0 59.429-29.143 59.429-62.286 0-65.714-109.143-108.571-217.143-108.571-98.857 0-213.714 42.857-213.714 158.857 0 96 64 130.286 147.429 150.286l83.429 20.571c50.857 12.571 82.286 18.286 82.286 54.857 0 29.143-32.571 51.429-82.857 51.429-105.714 0-111.429-88-172.571-88-40 0-57.714 28.571-57.714 60 0 70.286 107.429 127.429 236 127.429 107.429 0 219.429-53.714 219.429-169.714zM877.714 731.429c0 121.143-98.286 219.429-219.429 219.429-50.286 0-96.571-17.143-133.714-45.714-27.429 5.714-56.571 9.143-85.714 9.143-222.286 0-402.286-180-402.286-402.286 0-29.143 3.429-58.286 9.143-85.714-28.571-37.143-45.714-83.429-45.714-133.714 0-121.143 98.286-219.429 219.429-219.429 50.286 0 96.571 17.143 133.714 45.714 27.429-5.714 56.571-9.143 85.714-9.143 222.286 0 402.286 180 402.286 402.286 0 29.143-3.429 58.286-9.143 85.714 28.571 37.143 45.714 83.429 45.714 133.714z"
        ],
        "width": 877.7142857142857,
        "attrs": [],
        "isMulticolor": false,
        "isMulticolor2": false,
        "tags": [
          "skype"
        ],
        "defaultCode": 61822,
        "grid": 14
      },
      "attrs": [],
      "properties": {
        "name": "skype",
        "id": 345,
        "order": 14,
        "prevSize": 28,
        "code": 61822
      },
      "setIdx": 1,
      "setId": 1,
      "iconIdx": 345
    },
    {
      "icon": {
        "paths": [
          "M868 443.429c46.857 0 82.857 34.286 82.857 81.143 0 36.571-18.857 62.286-53.143 74.286l-98.286 33.714 32 95.429c2.857 8.571 4 17.714 4 26.857 0 45.143-36.571 82.857-81.714 82.857-36 0-68-22.286-79.429-56.571l-31.429-94.286-177.143 60.571 31.429 93.714c2.857 8.571 4.571 17.714 4.571 26.857 0 44.571-36.571 82.857-82.286 82.857-36 0-67.429-22.286-78.857-56.571l-31.429-93.143-87.429 30.286c-9.143 2.857-18.857 5.143-28.571 5.143-46.286 0-81.143-34.286-81.143-80.571 0-35.429 22.857-67.429 56.571-78.857l89.143-30.286-60-178.857-89.143 30.857c-9.143 2.857-18.286 4.571-27.429 4.571-45.714 0-81.143-34.857-81.143-80.571 0-35.429 22.857-67.429 56.571-78.857l89.714-30.286-30.286-90.857c-2.857-8.571-4.571-17.714-4.571-26.857 0-45.143 36.571-82.857 82.286-82.857 36 0 67.429 22.286 78.857 56.571l30.857 91.429 177.143-60-30.857-91.429c-2.857-8.571-4.571-17.714-4.571-26.857 0-45.143 37.143-82.857 82.286-82.857 36 0 68 22.857 79.429 56.571l30.286 92 92.571-31.429c8-2.286 16-3.429 24.571-3.429 44.571 0 82.857 33.143 82.857 78.857 0 35.429-27.429 65.143-59.429 76l-89.714 30.857 60 180.571 93.714-32c8.571-2.857 17.714-4.571 26.286-4.571zM414.286 593.143l177.143-60-60-180-177.143 61.143z"
        ],
        "width": 950.8571428571428,
        "attrs": [],
        "isMulticolor": false,
        "isMulticolor2": false,
        "tags": [
          "slack"
        ],
        "defaultCode": 61848,
        "grid": 14
      },
      "attrs": [],
      "properties": {
        "name": "slack",
        "id": 369,
        "order": 13,
        "prevSize": 28,
        "code": 61848
      },
      "setIdx": 1,
      "setId": 1,
      "iconIdx": 369
    },
    {
      "icon": {
        "paths": [
          "M829.143 73.143c26.857 0 48.571 21.714 48.571 48.571v780.571c0 26.857-21.714 48.571-48.571 48.571h-223.429v-340h113.714l17.143-132.571h-130.857v-84.571c0-38.286 10.286-64 65.714-64l69.714-0.571v-118.286c-12-1.714-53.714-5.143-101.714-5.143-101.143 0-170.857 61.714-170.857 174.857v97.714h-114.286v132.571h114.286v340h-420c-26.857 0-48.571-21.714-48.571-48.571v-780.571c0-26.857 21.714-48.571 48.571-48.571h780.571z"
        ],
        "width": 877.7142857142857,
        "attrs": [],
        "isMulticolor": false,
        "isMulticolor2": false,
        "tags": [
          "facebook-official"
        ],
        "defaultCode": 62000,
        "grid": 14
      },
      "attrs": [],
      "properties": {
        "name": "facebook-official",
        "id": 509,
        "order": 21,
        "prevSize": 28,
        "code": 62000
      },
      "setIdx": 1,
      "setId": 1,
      "iconIdx": 509
    }
  ],
  "height": 1024,
  "metadata": {
    "name": "icomoon"
  },
  "preferences": {
    "showGlyphs": true,
    "showCodes": true,
    "showQuickUse": true,
    "showQuickUse2": true,
    "showSVGs": true,
    "fontPref": {
      "prefix": "icon-",
      "metadata": {
        "fontFamily": "icomoon"
      },
      "metrics": {
        "emSize": 1024,
        "baseline": 12.5,
        "whitespace": 39.0625
      },
      "embed": false
    },
    "imagePref": {
      "prefix": "icon-",
      "png": true,
      "useClassSelector": true,
      "color": 0,
      "bgColor": 16777215
    },
    "historySize": 50,
    "gridSize": 16
  }
}